{"ProjectWatches":"{\"Value\":[]}","OpenedDocuments":"[{\"DocumentPath\":\"Create_SAP_JournalEntry_DocumentReversal.xaml\",\"FactoryId\":\"{ACB8E7BA-F093-44C1-9B50-33ECA51AAE18}\"}]","ProjectBreakpoints":"{\"CodeBreakpoints\":{},\"Value\":{}}","ProjectActivitiesViewState":"{\"Create_SAP_JournalEntry.xaml\":[{\"ActivityIdRef\":\"VerifyExpressionWithOperator_1\",\"IsAdvancedOptionsExpanded\":true,\"Categories\":{\"Input\":true,\"Messages\":true,\"Output\":true},\"Widgets\":{}},{\"ActivityIdRef\":\"VerifyExpressionWithOperator_2\",\"IsAdvancedOptionsExpanded\":true,\"Categories\":{\"Input\":true,\"Messages\":true,\"Output\":true},\"Widgets\":{}}],\"Create_SAP_JournalEntry_DocumentReversal.xaml\":[{\"ActivityIdRef\":\"VerifyExpressionWithOperator_1\",\"IsAdvancedOptionsExpanded\":false,\"Categories\":{\"Input\":true,\"Messages\":true,\"Output\":true},\"Widgets\":{}},{\"ActivityIdRef\":\"VerifyExpressionWithOperator_2\",\"IsAdvancedOptionsExpanded\":false,\"Categories\":{\"Input\":true,\"Messages\":true,\"Output\":true},\"Widgets\":{}}]}","ProjectSettings":"{\"IncludeSourcesByDefault\":false,\"RemoveUnusedDependencies\":false}","Compiler":"2"}