{"ProjectWatches":"{\"Value\":[]}","OpenedDocuments":"[]","ProjectBreakpoints":"{\"CodeBreakpoints\":{},\"Value\":{}}","ProjectActivitiesViewState":"{\"Create_SAP_JournalEntry.xaml\":[{\"ActivityIdRef\":\"VerifyExpressionWithOperator_1\",\"IsAdvancedOptionsExpanded\":true,\"Categories\":{\"Input\":true,\"Messages\":true,\"Output\":true},\"Widgets\":{}},{\"ActivityIdRef\":\"VerifyExpressionWithOperator_2\",\"IsAdvancedOptionsExpanded\":true,\"Categories\":{\"Input\":true,\"Messages\":true,\"Output\":true},\"Widgets\":{}}],\"Create_SAP_JournalEntry_DocumentReversal.xaml\":[{\"ActivityIdRef\":\"VerifyExpressionWithOperator_1\",\"IsAdvancedOptionsExpanded\":false,\"Categories\":{\"Input\":true,\"Messages\":true,\"Output\":true},\"Widgets\":{}},{\"ActivityIdRef\":\"VerifyExpressionWithOperator_2\",\"IsAdvancedOptionsExpanded\":false,\"Categories\":{\"Input\":true,\"Messages\":true,\"Output\":true},\"Widgets\":{}}]}","ProjectSettings":"{\"IncludeSourcesByDefault\":false,\"RemoveUnusedDependencies\":false}"}